index,t,x,y,z,yaw_deg,gear,vx,vy,wz
0,675.135,-0.1034,-0.0815,-1.0936,-1.701,4t4d,0.0,0.0,0.0
1,675.355,-0.1034,-0.0815,-1.0936,-1.708,4t4d,0.104,0.0,0.0
2,675.605,-0.1,-0.0816,-1.0936,-1.709,4t4d,0.118,0.0,0.0
3,675.836,-0.0786,-0.0821,-1.0934,-1.716,4t4d,0.122,0.0,0.0
4,676.06,-0.0429,-0.083,-1.0934,-1.689,4t4d,0.152,0.0,0.0
5,676.286,-0.018,-0.0837,-1.0933,-1.667,4t4d,0.161,0.0,0.0
6,676.515,0.03,-0.0845,-1.0931,-1.687,4t4d,0.186,0.0,0.0
7,676.738,0.0632,-0.0849,-1.0929,-1.678,4t4d,0.192,0.0,0.0
8,676.955,0.0968,-0.0852,-1.093,-1.679,4t4d,0.173,0.0,0.0
9,677.185,0.1325,-0.0857,-1.093,-1.689,4t4d,0.181,0.0,0.0
10,677.417,0.1855,-0.0865,-1.0929,-1.702,4t4d,0.175,0.0,0.0
11,677.642,0.2208,-0.0871,-1.0933,-1.702,4t4d,0.177,0.0,0.0
12,677.857,0.2708,-0.0885,-1.093,-2.215,4t4d,0.175,0.0,0.0
13,678.087,0.3042,-0.0893,-1.093,-2.29,4t4d,0.182,0.0,0.0
14,678.303,0.3208,-0.0899,-1.0929,-2.312,4t4d,0.171,0.0,0.0
15,678.524,0.3717,-0.0919,-1.0939,-2.415,4t4d,0.171,0.0,0.0
16,678.75,0.4052,-0.0932,-1.0944,-2.459,4t4d,0.181,0.0,0.0
17,678.984,0.4381,-0.0942,-1.0954,-2.495,4t4d,0.161,0.0,0.0
18,679.212,0.5037,-0.096,-1.099,-2.549,4t4d,0.178,0.0,0.0
19,679.436,0.5388,-0.0971,-1.0992,-2.483,4t4d,0.182,0.0,0.0
20,679.656,0.5708,-0.0981,-1.1007,-2.455,4t4d,0.208,0.0,0.0
21,679.895,0.619,-0.101,-1.1113,-2.038,4t4d,0.163,0.0,0.0
22,680.122,0.6539,-0.1005,-1.1136,-1.911,4t4d,0.175,0.0,0.0
23,680.337,0.6897,-0.1014,-1.1168,-1.806,4t4d,0.191,0.0,0.0
24,680.564,0.7222,-0.1021,-1.1198,-1.783,4t4d,0.177,0.0,0.0
25,680.789,0.757,-0.1031,-1.1229,-1.742,4t4d,0.16,0.0,0.0
26,681.01,0.8041,-0.104,-1.1293,-2.015,4t4d,0.175,0.0,0.0
27,681.24,0.8382,-0.1046,-1.1317,-1.948,4t4d,0.191,0.0,0.0
28,681.457,0.886,-0.1059,-1.1368,-2.524,4t4d,0.199,0.0,-3.93
29,681.683,0.9272,-0.1075,-1.1407,-3.272,4t4d,0.217,0.0,0.0
30,681.904,0.9604,-0.1092,-1.1454,-3.911,4t4d,0.161,0.0,0.0
31,682.124,0.9915,-0.1114,-1.1518,-4.252,4t4d,0.174,0.0,7.54
32,682.35,1.0431,-0.1141,-1.1589,-3.964,4t4d,0.168,0.0,10.57
33,682.581,1.0809,-0.1146,-1.163,-1.801,4t4d,0.173,0.0,0.0
34,682.809,1.1335,-0.1142,-1.17,0.259,4t4d,0.16,0.0,0.0
35,683.033,1.1513,-0.1141,-1.1729,0.277,4t4d,0.177,0.0,0.0
36,683.253,1.2022,-0.1133,-1.1772,0.321,4t4d,0.176,0.0,-3.33
37,683.479,1.2368,-0.1126,-1.1797,0.266,4t4d,0.167,0.0,-3.72
38,683.7,1.2704,-0.1127,-1.1827,-0.373,4t4d,0.153,0.0,0.0
39,683.925,1.3224,-0.1145,-1.1859,-1.296,4t4d,0.144,0.0,0.0
40,684.14,1.3536,-0.1156,-1.1875,-1.526,4t4d,0.149,0.0,0.0
41,684.372,1.3916,-0.1164,-1.1883,-1.568,4t4d,0.159,0.0,0.0
42,684.596,1.4436,-0.1174,-1.1919,-1.604,4t4d,0.167,0.0,0.0
43,684.827,1.4786,-0.1182,-1.1944,-1.608,4t4d,0.172,0.0,0.0
44,685.047,1.5138,-0.1192,-1.1964,-1.617,4t4d,0.192,0.0,0.0
45,685.283,1.5632,-0.1207,-1.1994,-1.668,4t4d,0.168,0.0,5.26
46,685.511,1.5794,-0.1209,-1.1999,-1.677,4t4d,0.165,0.0,0.0
47,685.734,1.6311,-0.1202,-1.1999,-0.551,4t4d,0.157,0.0,0.0
48,685.967,1.6783,-0.1198,-1.1997,-0.521,4t4d,0.158,0.0,0.0
49,686.196,1.7108,-0.1198,-1.1994,-0.505,4t4d,0.154,0.0,0.0
50,686.426,1.7582,-0.1198,-1.198,-0.376,4t4d,0.207,0.0,0.0
51,686.653,1.7921,-0.1195,-1.1948,-0.448,4t4d,0.174,0.0,0.0
52,686.876,1.8241,-0.1197,-1.1963,-0.324,4t4d,0.178,0.0,0.0
53,687.096,1.8564,-0.1205,-1.1956,-0.542,4t4d,0.172,0.0,0.0
54,687.319,1.9027,-0.1205,-1.1968,-0.451,4t4d,0.161,0.0,0.0
55,687.542,1.9338,-0.1209,-1.1966,-0.552,4t4d,0.156,0.0,0.0
56,687.768,1.9668,-0.1212,-1.1969,-0.538,4t4d,0.176,0.0,0.0
57,687.994,2.0134,-0.1211,-1.1953,-0.581,4t4d,0.157,0.0,0.0
58,688.215,2.0459,-0.1211,-1.1949,-0.629,4t4d,0.182,0.0,0.0
59,688.434,2.0756,-0.1212,-1.1944,-0.696,4t4d,0.192,0.0,0.0
60,688.662,2.1218,-0.1213,-1.1947,-0.668,4t4d,0.163,0.0,0.0
61,688.877,2.1491,-0.1219,-1.1931,-0.657,4t4d,0.157,0.0,0.0
62,689.101,2.187,-0.1228,-1.1929,-0.797,4t4d,0.169,0.0,0.0
63,689.327,2.2188,-0.1234,-1.1919,-0.813,4t4d,0.146,0.0,0.0
64,689.549,2.2515,-0.1238,-1.1925,-0.892,4t4d,0.159,0.0,0.0
65,689.793,2.2817,-0.1238,-1.1922,-0.953,4t4d,0.173,0.0,0.0
66,690.011,2.3316,-0.1243,-1.1926,-1.03,4t4d,0.157,0.0,0.0
67,690.241,2.3756,-0.1251,-1.1939,-1.099,4t4d,0.149,0.0,0.0
68,690.467,2.4063,-0.1257,-1.1935,-1.106,4t4d,0.16,0.0,0.0
69,690.685,2.4378,-0.1264,-1.1931,-1.124,4t4d,0.177,0.0,0.0
70,690.913,2.4699,-0.127,-1.1936,-1.133,4t4d,0.184,0.0,0.0
71,691.144,2.5154,-0.1279,-1.1927,-1.009,4t4d,0.189,0.0,0.0
72,691.367,2.5466,-0.1281,-1.1922,-0.892,4t4d,0.169,0.0,0.0
73,691.594,2.5782,-0.1288,-1.1927,-0.928,4t4d,0.166,0.0,0.0
74,691.82,2.6252,-0.1292,-1.1922,-0.962,4t4d,0.184,0.0,0.0
75,692.036,2.6553,-0.1296,-1.1915,-0.974,4t4d,0.177,0.0,0.0
76,692.267,2.7023,-0.1305,-1.1929,-1.15,4t4d,0.192,0.0,0.0
77,692.497,2.7346,-0.1309,-1.1912,-1.161,4t4d,0.173,0.0,0.0
78,692.717,2.7664,-0.1311,-1.1916,-1.143,4t4d,0.157,0.0,0.0
79,692.939,2.8011,-0.1317,-1.1918,-1.192,4t4d,0.165,0.0,0.0
80,693.161,2.8333,-0.1323,-1.1919,-1.259,4t4d,0.166,0.0,0.0
81,693.378,2.882,-0.1333,-1.1926,-1.269,4t4d,0.137,0.0,0.0
82,693.608,2.9163,-0.1341,-1.1922,-1.332,4t4d,0.148,0.0,0.0
83,693.84,2.9637,-0.1355,-1.1925,-1.348,4t4d,0.175,0.0,0.0
84,694.066,2.9979,-0.1365,-1.1932,-1.335,4t4d,0.184,0.0,0.0
85,694.292,3.0304,-0.1372,-1.1934,-1.331,4t4d,0.181,0.0,0.0
86,694.512,3.0785,-0.1383,-1.1933,-1.259,4t4d,0.172,0.0,0.0
87,694.751,3.116,-0.1392,-1.1945,-1.327,4t4d,0.197,0.0,0.0
88,694.975,3.1483,-0.14,-1.1945,-1.266,4t4d,0.179,0.0,0.0
89,695.205,3.1804,-0.1405,-1.195,-1.243,4t4d,0.156,0.0,0.0
90,695.43,3.2384,-0.1416,-1.1974,-1.229,4t4d,0.167,0.0,0.0
91,695.652,3.27,-0.1426,-1.1977,-1.343,4t4d,0.162,0.0,0.0
92,695.892,3.3211,-0.1439,-1.1988,-1.371,4t4d,0.156,0.0,0.0
93,696.109,3.3531,-0.1451,-1.1991,-1.434,4t4d,0.162,0.0,0.0
94,696.317,3.3787,-0.1459,-1.1973,-1.489,4t4d,0.167,0.0,0.0
95,696.552,3.4116,-0.1467,-1.1971,-1.496,4t4d,0.163,0.0,0.0
96,696.776,3.4628,-0.1475,-1.1964,-1.489,4t4d,0.179,0.0,3.63
97,696.998,3.4956,-0.148,-1.1958,-1.465,4t4d,0.164,0.0,0.0
98,697.228,3.5286,-0.1477,-1.1961,-0.638,4t4d,0.16,0.0,0.0
99,697.452,3.5799,-0.1477,-1.1959,-0.427,4t4d,0.165,0.0,0.0
100,697.674,3.5902,-0.1126,-1.1762,-0.553,4t4d,0.171,0.0,0.0
101,697.9,3.6229,-0.1128,-1.1767,-0.559,4t4d,0.157,0.0,0.0
102,698.131,3.6888,-0.1169,-1.1671,-0.443,4t4d,0.153,0.0,0.0
103,698.356,3.7205,-0.1172,-1.1667,-0.461,4t4d,0.152,0.0,0.0
104,698.585,3.7536,-0.1176,-1.1667,-0.505,4t4d,0.176,0.0,0.0
105,698.808,3.8049,-0.1108,-1.1657,-0.595,4t4d,0.179,0.0,0.0
106,699.03,3.837,-0.1112,-1.1656,-0.613,4t4d,0.157,0.0,0.0
107,699.266,3.8861,-0.1119,-1.166,-0.629,4t4d,0.176,0.0,0.0
108,699.485,3.9187,-0.1122,-1.167,-0.652,4t4d,0.175,0.0,0.0
109,699.705,3.9661,-0.1129,-1.167,-0.66,4t4d,0.174,0.0,0.0
110,699.925,3.9973,-0.1132,-1.167,-0.666,4t4d,0.171,0.0,0.0
111,700.16,4.0303,-0.1133,-1.1673,-0.712,4t4d,0.153,0.0,0.0
112,700.398,4.08,-0.1144,-1.1685,-0.665,4t4d,0.176,0.0,0.0
113,700.623,4.1248,-0.1209,-1.1623,-0.73,4t4d,0.184,0.0,4.73
114,700.852,4.1761,-0.1205,-1.1624,-0.257,4t4d,0.193,0.0,7.16
115,701.071,4.2259,-0.1225,-1.1598,0.878,4t4d,0.167,0.0,6.04
116,701.296,4.2615,-0.1207,-1.1603,2.145,4t4d,0.132,0.0,0.0
117,701.517,4.2987,-0.1179,-1.1612,3.124,4t4d,0.176,0.0,0.0
118,701.739,4.3446,-0.1157,-1.1632,3.172,4t4d,0.178,0.0,-4.52
119,701.957,4.3825,-0.1117,-1.1595,2.539,4t4d,0.171,0.0,-3.99
120,702.17,4.3986,-0.1114,-1.1598,2.121,4t4d,0.165,0.0,0.0
121,702.397,4.4651,-0.1084,-1.1561,0.728,4t4d,0.161,0.0,0.0
122,702.625,4.4966,-0.1083,-1.1571,0.528,4t4d,0.164,0.0,0.0
123,702.844,4.5296,-0.1081,-1.1578,0.492,4t4d,0.177,0.0,0.0
124,703.064,4.5607,-0.1077,-1.1577,0.476,4t4d,0.166,0.0,0.0
125,703.306,4.6101,-0.1077,-1.1574,0.453,4t4d,0.163,0.0,0.0
126,703.529,4.6433,-0.1075,-1.1576,0.426,4t4d,0.188,0.0,0.0
127,703.749,4.6768,-0.1072,-1.1571,0.395,4t4d,0.183,0.0,0.0
128,703.985,4.7277,-0.1071,-1.1577,0.363,4t4d,0.181,0.0,0.0
129,704.196,4.7609,-0.1068,-1.1574,0.324,4t4d,0.172,0.0,0.0
130,704.425,4.7946,-0.1066,-1.1575,0.302,4t4d,0.16,0.0,0.0
131,704.652,4.8325,-0.105,-1.1513,0.287,4t4d,0.17,0.0,0.0
132,704.875,4.8837,-0.1047,-1.1521,0.323,4t4d,0.178,0.0,0.0
133,705.095,4.9148,-0.1047,-1.1525,0.251,4t4d,0.169,0.0,0.0
134,705.323,4.9476,-0.1047,-1.1535,0.286,4t4d,0.188,0.0,0.0
135,705.566,4.9934,-0.1049,-1.153,0.185,4t4d,0.179,0.0,0.0
136,705.791,5.0225,-0.1049,-1.1522,0.157,4t4d,0.167,0.0,0.0
137,706.017,5.07,-0.1047,-1.1512,0.125,4t4d,0.175,0.0,4.87
138,706.241,5.1037,-0.1039,-1.1504,0.492,4t4d,0.144,0.0,3.49
139,706.464,5.1404,-0.1024,-1.1502,1.537,4t4d,0.179,0.0,0.0
140,706.684,5.1729,-0.1008,-1.1497,2.088,4t4d,0.16,0.0,0.0
141,706.913,5.2061,-0.0996,-1.1511,2.227,4t4d,0.184,0.0,0.0
142,707.135,5.2369,-0.0983,-1.1513,2.137,4t4d,0.144,0.0,0.0
143,707.363,5.2884,-0.0964,-1.1528,2.141,4t4d,0.17,0.0,0.0
144,707.595,5.3344,-0.0942,-1.1541,2.103,4t4d,0.169,0.0,0.0
145,707.82,5.367,-0.0929,-1.1548,2.14,4t4d,0.167,0.0,0.0
146,708.05,5.4003,-0.0913,-1.155,2.145,4t4d,0.173,0.0,0.0
147,708.273,5.4488,-0.0892,-1.1551,2.155,4t4d,0.199,0.0,0.0
148,708.496,5.4797,-0.0879,-1.1541,2.191,4t4d,0.173,0.0,0.0
149,708.723,5.5131,-0.0866,-1.1548,2.175,4t4d,0.168,0.0,0.0
150,708.945,5.5644,-0.0849,-1.1552,2.101,4t4d,0.182,0.0,-2.6
151,709.167,5.58,-0.0845,-1.1555,1.857,4t4d,0.184,0.0,0.0
152,709.392,5.6275,-0.0841,-1.156,1.202,4t4d,0.15,0.0,0.0
153,709.616,5.6624,-0.0838,-1.1564,1.192,4t4d,0.204,0.0,0.0
154,709.841,5.7124,-0.0834,-1.157,0.967,4t4d,0.189,0.0,0.0
155,710.061,5.7448,-0.0828,-1.156,1.037,4t4d,0.183,0.0,0.0
156,710.285,5.7779,-0.0821,-1.1561,0.977,4t4d,0.165,0.0,0.0
157,710.514,5.8108,-0.0817,-1.1557,0.857,4t4d,0.147,0.0,0.0
158,710.743,5.8597,-0.0811,-1.1555,0.833,4t4d,0.169,0.0,0.0
159,710.977,5.8936,-0.0807,-1.1552,0.836,4t4d,0.177,0.0,0.0
160,711.191,5.944,-0.0803,-1.1548,0.811,4t4d,0.193,0.0,0.0
161,711.415,5.9761,-0.08,-1.155,0.788,4t4d,0.178,0.0,0.0
162,711.641,6.0093,-0.0796,-1.1557,0.762,4t4d,0.155,0.0,0.0
163,711.87,6.0583,-0.0788,-1.1561,0.681,4t4d,0.158,0.0,0.0
164,712.094,6.0916,-0.0787,-1.1563,0.428,4t4d,0.19,0.0,0.0
165,712.331,6.1238,-0.0784,-1.1562,0.388,4t4d,0.183,0.0,0.0
166,712.553,6.1739,-0.0782,-1.1558,0.301,4t4d,0.173,0.0,0.0
167,712.784,6.2081,-0.078,-1.1561,0.298,4t4d,0.167,0.0,0.0
168,713.022,6.26,-0.0778,-1.1568,0.295,4t4d,0.162,0.0,0.0
169,713.248,6.2772,-0.0779,-1.1574,0.298,4t4d,0.181,0.0,-2.97
170,713.485,6.3297,-0.0775,-1.1578,0.2,4t4d,0.185,0.0,-4.39
171,713.702,6.3631,-0.0779,-1.1582,-0.51,4t4d,0.188,0.0,0.0
172,713.915,6.4139,-0.0793,-1.1593,-1.435,4t4d,0.167,0.0,0.0
173,714.138,6.4474,-0.0802,-1.1605,-1.552,4t4d,0.151,0.0,0.0
174,714.356,6.493,-0.0813,-1.1583,-1.57,4t4d,0.177,0.0,0.0
175,714.578,6.5285,-0.0825,-1.1584,-1.637,4t4d,0.18,0.0,0.0
176,714.807,6.5803,-0.0839,-1.1594,-1.71,4t4d,0.174,0.0,0.0
177,715.033,6.5989,-0.0847,-1.1595,-1.769,4t4d,0.171,0.0,0.0
178,715.253,6.6684,-0.0866,-1.161,-1.847,4t4d,0.164,0.0,0.0
179,715.476,6.7067,-0.0878,-1.1616,-1.842,4t4d,0.191,0.0,0.0
180,715.707,6.7569,-0.0893,-1.1601,-1.918,4t4d,0.186,0.0,0.0
181,715.928,6.7925,-0.0905,-1.1603,-1.942,4t4d,0.168,0.0,0.0
182,716.163,6.8526,-0.0917,-1.157,-1.733,4t4d,0.182,0.0,0.0
183,716.395,6.8879,-0.0926,-1.1575,-1.686,4t4d,0.214,0.0,0.0
184,716.615,6.9256,-0.0936,-1.1587,-1.694,4t4d,0.217,0.0,0.0
185,716.841,6.9945,-0.0949,-1.1599,-1.647,4t4d,0.222,0.0,0.0
186,717.059,7.0384,-0.096,-1.16,-1.647,4t4d,0.211,0.0,0.0
187,717.276,7.0775,-0.0974,-1.16,-1.619,4t4d,0.223,0.0,0.0
188,717.507,7.1293,-0.1007,-1.158,-1.708,4t4d,0.219,0.0,0.0
189,717.729,7.192,-0.1026,-1.1584,-1.733,4t4d,0.219,0.0,0.0
190,717.947,7.2359,-0.1038,-1.1596,-1.702,4t4d,0.22,0.0,5.9
191,718.187,7.297,-0.1041,-1.1601,-0.525,4t4d,0.208,0.0,0.0
192,718.417,7.3402,-0.1024,-1.1598,0.509,4t4d,0.21,0.0,0.0
193,718.638,7.3851,-0.1021,-1.1594,0.577,4t4d,0.227,0.0,0.0
194,718.862,7.4241,-0.1019,-1.1604,0.589,4t4d,0.218,0.0,0.0
195,719.085,7.4877,-0.1013,-1.1612,0.544,4t4d,0.216,0.0,0.0
196,719.298,7.5288,-0.1009,-1.1623,0.585,4t4d,0.198,0.0,0.0
197,719.514,7.5695,-0.0997,-1.1638,1.051,4t4d,0.211,0.0,0.0
198,719.735,7.6096,-0.0986,-1.164,1.038,4t4d,0.201,0.0,0.0
199,719.958,7.649,-0.0984,-1.1658,1.084,4t4d,0.224,0.0,-5.33
200,720.177,7.7082,-0.0979,-1.1665,0.716,4t4d,0.202,0.0,-6.51
201,720.393,7.7447,-0.0982,-1.1662,-0.502,4t4d,0.171,0.0,0.0
202,720.622,7.7846,-0.0998,-1.1663,-1.751,4t4d,0.187,0.0,0.0
203,720.841,7.8393,-0.1018,-1.167,-2.098,4t4d,0.206,0.0,0.0
204,721.061,7.8762,-0.1033,-1.1677,-2.09,4t4d,0.189,0.0,7.16
205,721.281,7.9156,-0.1032,-1.1685,-0.873,4t4d,0.056,0.0,0.0
206,721.508,7.95,-0.1029,-1.1693,-0.031,4t4d,-0.021,0.0,0.0
207,721.737,7.9554,-0.103,-1.1697,-0.01,4t4d,-0.093,0.0,0.0
208,721.977,7.9527,-0.1031,-1.1697,-0.02,4t4d,-0.165,0.0,0.0
209,722.219,7.9247,-0.1033,-1.1695,-0.078,4t4d,-0.198,0.0,0.0
210,722.447,7.8721,-0.1037,-1.1679,-0.068,4t4d,-0.198,0.0,0.0
211,722.67,7.8281,-0.1041,-1.1671,-0.067,4t4d,-0.216,0.0,0.0
212,722.897,7.7627,-0.1045,-1.1661,-0.048,4t4d,-0.221,0.0,0.0
213,723.123,7.7214,-0.1044,-1.1661,-0.05,4t4d,-0.22,0.0,0.0
214,723.342,7.6771,-0.1047,-1.1662,-0.058,4t4d,-0.228,0.0,0.0
215,723.572,7.6114,-0.1048,-1.1647,-0.073,4t4d,-0.22,0.0,0.0
216,723.791,7.5675,-0.105,-1.1637,-0.122,4t4d,-0.223,0.0,0.0
217,724.007,7.5284,-0.1053,-1.1626,-0.162,4t4d,-0.203,0.0,-2.75
218,724.242,7.4846,-0.1053,-1.1625,-0.189,4t4d,-0.206,0.0,0.0
219,724.473,7.4212,-0.1066,-1.1613,-0.898,4t4d,-0.219,0.0,0.0
220,724.7,7.3791,-0.1063,-1.1605,-1.188,4t4d,-0.2,0.0,0.0
221,724.927,7.3162,-0.1055,-1.1612,-1.128,4t4d,-0.281,0.0,0.0
222,725.159,7.266,-0.1046,-1.161,-0.995,4t4d,-0.337,0.0,0.0
223,725.394,7.2087,-0.1041,-1.1607,-1.069,4t4d,-0.376,0.0,0.0
224,725.618,7.0989,-0.1026,-1.1605,-1.075,4t4d,-0.359,0.0,0.0
225,725.842,7.0289,-0.1014,-1.1602,-1.034,4t4d,-0.362,0.0,0.0
226,726.069,6.9594,-0.1002,-1.1599,-1.062,4t4d,-0.358,0.0,0.0
227,726.296,6.8964,-0.1004,-1.1551,-1.098,4t4d,-0.362,0.0,0.0
228,726.52,6.8257,-0.0992,-1.1537,-1.126,4t4d,-0.353,0.0,0.0
229,726.735,6.7325,-0.0973,-1.1505,-1.195,4t4d,-0.334,0.0,0.0
230,726.958,6.6695,-0.0976,-1.1472,-1.21,4t4d,-0.342,0.0,0.0
231,727.184,6.566,-0.0961,-1.1449,-1.148,4t4d,-0.37,0.0,0.0
232,727.4,6.5027,-0.0954,-1.1439,-1.054,4t4d,-0.345,0.0,0.0
233,727.624,6.4331,-0.0946,-1.1421,-1.034,4t4d,-0.315,0.0,0.0
234,727.845,6.3689,-0.0935,-1.1409,-1.025,4t4d,-0.373,0.0,0.0
235,728.071,6.269,-0.0919,-1.1386,-1.015,4t4d,-0.431,0.0,0.0
236,728.291,6.1862,-0.0911,-1.1379,-0.99,4t4d,-0.404,0.0,0.0
237,728.512,6.1099,-0.09,-1.137,-0.979,4t4d,-0.41,0.0,0.0
238,728.738,5.9802,-0.0881,-1.1361,-0.964,4t4d,-0.385,0.0,0.0
239,728.956,5.8924,-0.0875,-1.1363,-1.07,4t4d,-0.421,0.0,0.0
240,729.171,5.8169,-0.0861,-1.1362,-0.932,4t4d,-0.423,0.0,0.0
241,729.401,5.7326,-0.0859,-1.1362,-0.929,4t4d,-0.407,0.0,0.0
242,729.63,5.6109,-0.0849,-1.1331,-0.92,4t4d,-0.386,0.0,0.0
243,729.857,5.5299,-0.0843,-1.1318,-0.904,4t4d,-0.368,0.0,0.0
244,730.085,5.4184,-0.0823,-1.1314,-1.387,4t4d,-0.435,0.0,0.0
245,730.315,5.3348,-0.0809,-1.1289,-1.48,4t4d,-0.389,0.0,0.0
246,730.525,5.2689,-0.079,-1.1267,-1.536,4t4d,-0.408,0.0,0.0
247,730.75,5.1917,-0.0782,-1.1248,-2.425,4t4d,-0.364,0.0,0.0
248,730.972,5.1217,-0.0749,-1.1255,-2.447,4t4d,-0.371,0.0,0.0
249,731.202,5.0068,-0.0707,-1.1258,-2.456,4t4d,-0.396,0.0,0.0
250,731.423,4.9326,-0.0673,-1.1247,-2.267,4t4d,-0.376,0.0,0.0
251,731.65,4.8595,-0.0645,-1.123,-1.88,4t4d,-0.387,0.0,0.0
252,731.881,4.7439,-0.0612,-1.1219,-1.654,4t4d,-0.384,0.0,0.0
253,732.104,4.7031,-0.0603,-1.1214,-1.418,4t4d,-0.368,0.0,0.0
254,732.329,4.5949,-0.0576,-1.1209,-1.262,4t4d,-0.353,0.0,0.0
255,732.56,4.4926,-0.0557,-1.1172,-1.168,4t4d,-0.381,0.0,0.0
256,732.779,4.4169,-0.0544,-1.1155,-1.118,4t4d,-0.41,0.0,0.0
257,733.007,4.346,-0.0531,-1.1132,-1.116,4t4d,-0.387,0.0,0.0
258,733.229,4.2372,-0.0511,-1.1102,-0.483,4t4d,-0.36,0.0,0.0
259,733.455,4.2004,-0.0511,-1.1095,-0.455,4t4d,-0.378,0.0,0.0
260,733.681,4.0991,-0.05,-1.1075,-0.447,4t4d,-0.369,0.0,0.0
261,733.903,3.9867,-0.0493,-1.1069,-0.266,4t4d,-0.345,0.0,0.0
262,734.126,3.9114,-0.049,-1.1051,-0.209,4t4d,-0.365,0.0,0.0
263,734.347,3.8476,-0.0493,-1.1046,-0.076,4t4d,-0.374,0.0,0.0
264,734.57,3.7494,-0.0495,-1.1059,0.073,4t4d,-0.395,0.0,0.0
265,734.805,3.6656,-0.0505,-1.1057,-0.002,4t4d,-0.366,0.0,0.0
266,735.029,3.5951,-0.0503,-1.1045,0.075,4t4d,-0.352,0.0,0.0
267,735.257,3.4882,-0.0507,-1.1038,0.132,4t4d,-0.372,0.0,0.0
268,735.481,3.4166,-0.051,-1.1033,0.205,4t4d,-0.399,0.0,0.0
269,735.707,3.3488,-0.0509,-1.1018,0.276,4t4d,-0.347,0.0,0.0
270,735.943,3.2766,-0.0519,-1.1008,0.22,4t4d,-0.349,0.0,0.0
271,736.165,3.1737,-0.0528,-1.099,-0.374,4t4d,-0.351,0.0,0.0
272,736.392,3.1034,-0.0527,-1.0987,-1.036,4t4d,-0.371,0.0,0.0
273,736.617,3.0321,-0.0517,-1.0967,-1.093,4t4d,-0.361,0.0,0.0
274,736.846,2.9584,-0.0511,-1.0955,-1.041,4t4d,-0.353,0.0,0.0
275,737.066,2.8588,-0.0495,-1.0934,-1.071,4t4d,-0.345,0.0,0.0
276,737.283,2.7843,-0.0489,-1.0938,-0.936,4t4d,-0.37,0.0,0.0
277,737.503,2.719,-0.0477,-1.0909,-1.022,4t4d,-0.347,0.0,0.0
278,737.724,2.6482,-0.0467,-1.0898,-0.978,4t4d,-0.379,0.0,0.0
279,737.95,2.5464,-0.0452,-1.0891,-1.002,4t4d,-0.36,0.0,0.0
280,738.175,2.4813,-0.0441,-1.088,-0.95,4t4d,-0.351,0.0,0.0
281,738.41,2.3805,-0.043,-1.0847,-0.951,4t4d,-0.358,0.0,0.0
282,738.635,2.3428,-0.0434,-1.0842,-0.969,4t4d,-0.382,0.0,0.0
283,738.857,2.24,-0.0421,-1.0832,-0.915,4t4d,-0.368,0.0,0.0
284,739.082,2.1345,-0.0402,-1.0834,-0.827,4t4d,-0.339,0.0,0.0
285,739.316,2.0624,-0.0395,-1.0814,-0.804,4t4d,-0.362,0.0,0.0
286,739.546,1.9951,-0.0388,-1.0793,-0.897,4t4d,-0.376,0.0,0.0
287,739.77,1.8853,-0.0377,-1.076,-0.937,4t4d,-0.386,0.0,0.0
288,739.992,1.8133,-0.0372,-1.0747,-0.844,4t4d,-0.375,0.0,0.0
289,740.223,1.7336,-0.0372,-1.0756,-0.703,4t4d,-0.379,0.0,0.0
290,740.443,1.6345,-0.0357,-1.0731,-0.712,4t4d,-0.348,0.0,0.0
291,740.672,1.6026,-0.0356,-1.0719,-0.666,4t4d,-0.363,0.0,0.0
292,740.885,1.4887,-0.0349,-1.0639,-0.716,4t4d,-0.323,0.0,0.0
293,741.127,1.3723,-0.0334,-1.0553,-0.748,4t4d,-0.36,0.0,0.0
294,741.347,1.3292,-0.0331,-1.051,-0.779,4t4d,-0.358,0.0,0.0
295,741.574,1.2223,-0.0322,-1.041,-0.679,4t4d,-0.392,0.0,0.0
296,741.796,1.1163,-0.0314,-1.0236,-0.725,4t4d,-0.38,0.0,0.0
297,742.014,1.0897,-0.0312,-1.0192,-0.643,4t4d,-0.374,0.0,0.0
298,742.233,1.0205,-0.0304,-1.0078,-0.707,4t4d,-0.424,0.0,0.0
299,742.459,0.9291,-0.0311,-0.9894,-0.05,4t4d,-0.339,0.0,0.0
300,742.688,0.8357,-0.0308,-0.9766,-0.301,4t4d,-0.399,0.0,0.0
301,742.93,0.7737,-0.0304,-0.9686,-0.428,4t4d,-0.348,0.0,0.0
302,743.152,0.7047,-0.0301,-0.9624,-0.445,4t4d,-0.343,0.0,0.0
303,743.394,0.63,-0.0311,-0.949,-0.271,4t4d,-0.347,0.0,0.0
304,743.614,0.5521,-0.0291,-0.9454,-0.684,4t4d,-0.402,0.0,0.0
305,743.84,0.4852,-0.0278,-0.9426,-0.403,4t4d,-0.351,0.0,0.0
306,744.063,0.387,-0.0278,-0.9385,-0.514,4t4d,-0.362,0.0,0.0
307,744.297,0.3136,-0.0281,-0.937,-0.363,4t4d,-0.361,0.0,0.0
308,744.525,0.2096,-0.0283,-0.9356,-0.275,4t4d,-0.364,0.0,0.0
309,744.747,0.1744,-0.0281,-0.9354,-0.249,4t4d,-0.344,0.0,0.0
310,744.959,0.0701,-0.0278,-0.9358,-0.154,4t4d,-0.289,0.0,0.0
311,745.184,0.0147,-0.0242,-0.936,-0.18,4t4d,-0.283,0.0,0.0
312,745.407,-0.065,-0.0221,-0.9365,-0.172,4t4d,0.01,0.0,0.0
313,745.632,-0.1001,-0.0216,-0.9367,-0.205,4t4d,0.038,0.0,0.0
314,745.845,-0.1015,-0.0215,-0.9374,-0.214,4t4d,-0.003,0.0,0.0
315,746.085,-0.0949,-0.0212,-0.9377,-0.226,4t4d,0.0,0.0,0.0
316,746.308,-0.0953,-0.0211,-0.9378,-0.219,7,0.0,0.0,0.0
317,746.53,-0.0956,-0.021,-0.9379,-0.221,7,0.001,0.0,0.0
318,746.762,-0.0942,-0.021,-0.938,-0.221,7,0.0,0.0,0.0
319,746.992,-0.0943,-0.0211,-0.9382,-0.23,7,0.0,0.0,0.0
320,747.213,-0.0966,-0.022,-0.9381,-0.163,7,0.0,0.81,0.0
321,747.442,-0.0962,-0.0219,-0.9382,-0.07,crab,0.0,0.3338,-1.415
322,747.675,-0.096,0.0448,-0.9378,-0.354,crab,0.0,0.4054,-0.674
323,747.897,-0.0938,0.1259,-0.9373,-0.488,crab,0.0,0.4303,-0.535
324,748.128,-0.0912,0.212,-0.9366,-0.595,crab,0.0,0.4552,-0.541
325,748.358,-0.0921,0.303,-0.9364,-0.703,crab,0.0,0.6814,-0.586
326,748.581,-0.0883,0.4393,-0.9363,-0.821,crab,0.0,0.4694,-0.393
327,748.805,-0.0867,0.5331,-0.9362,-0.899,crab,0.0,0.6941,-0.467
328,749.028,-0.0836,0.6719,-0.936,-0.993,crab,0.0,0.4712,-0.413
329,749.257,-0.0767,0.766,-0.9366,-1.075,crab,0.0,0.4729,-0.217
330,749.476,-0.0753,0.8606,-0.9362,-1.119,crab,0.0,0.7247,-0.678
331,749.71,-0.0742,1.0056,-0.9352,-1.254,crab,0.0,0.4514,-0.467
332,749.93,-0.0727,1.0958,-0.9341,-1.348,crab,0.0,0.2835,0.533
333,750.174,-0.0687,1.1524,-0.9332,-1.241,0,0.0,0.29,0.0
334,750.41,-0.0764,1.1599,-0.933,-1.003,0,0.0,0.0,0.0
335,750.642,-0.0803,1.1583,-0.9327,-0.88,0,0.0,0.0,0.0
336,750.863,-0.0807,1.159,-0.9325,-0.885,0,0.0,0.0,0.0
337,751.08,-0.0812,1.1596,-0.9327,-0.888,0,0.0,0.0,0.0
338,751.308,-0.0815,1.1599,-0.9326,-0.893,0,0.0,0.0,0.0
339,751.53,-0.0818,1.1605,-0.9326,-0.896,0,0.0,0.0,0.0
340,751.759,-0.0813,1.1603,-0.933,-0.897,0,0.0,0.0,0.0
341,751.981,-0.0814,1.1604,-0.9331,-0.896,0,0.0,0.0,0.0
342,752.204,-0.0813,1.1604,-0.933,-0.898,0,0.0,0.0,0.0
343,752.426,-0.0816,1.1606,-0.9332,-0.9,0,0.0,0.0,0.0
344,752.646,-0.0818,1.1607,-0.9332,-0.9,0,0.0,0.0,0.0
345,752.878,-0.082,1.1605,-0.9333,-0.896,0,0.0,0.0,0.0
346,753.107,-0.0818,1.1603,-0.9333,-0.894,0,0.0,0.0,0.0
347,753.335,-0.0816,1.1602,-0.9335,-0.894,0,0.0,0.0,0.0
348,753.569,-0.077,1.1585,-0.9342,-0.891,0,0.0,0.0,0.0
349,753.796,-0.0768,1.1584,-0.9343,-0.889,0,0.0,0.0,0.0
350,754.016,-0.0767,1.1583,-0.9342,-0.888,0,0.0,0.0,0.0
351,754.231,-0.0766,1.1583,-0.9341,-0.887,0,0.0,0.0,0.0
352,754.475,-0.0766,1.1583,-0.9342,-0.888,0,0.0,0.0,0.0
353,754.698,-0.0767,1.1583,-0.9342,-0.891,0,0.0,0.0,0.0
354,754.919,-0.0768,1.1583,-0.9342,-0.891,0,0.0,0.0,0.0
355,755.143,-0.0768,1.1583,-0.934,-0.89,4t4d,0.0,0.0,0.0
356,755.374,-0.0768,1.1583,-0.9341,-0.886,4t4d,0.006,0.0,0.0
357,755.588,-0.0769,1.1582,-0.9341,-0.886,4t4d,0.279,0.0,0.0
358,755.819,-0.0578,1.1584,-0.9343,-0.941,4t4d,0.286,0.0,0.0
359,756.043,0.0096,1.1575,-0.935,-1.017,4t4d,0.238,0.0,0.0
360,756.272,0.053,1.1568,-0.9356,-1.017,4t4d,0.332,0.0,0.0
361,756.5,0.1101,1.156,-0.9363,-1.05,4t4d,0.342,0.0,0.0
362,756.72,0.1721,1.155,-0.9375,-1.078,4t4d,0.331,0.0,0.0
363,756.94,0.2362,1.1546,-0.9384,-1.059,4t4d,0.358,0.0,0.0
364,757.165,0.3342,1.1542,-0.9394,-1.019,4t4d,0.353,0.0,0.0
365,757.392,0.437,1.1525,-0.9421,-1.004,4t4d,0.325,0.0,0.0
366,757.616,0.4999,1.152,-0.9438,-0.928,4t4d,0.302,0.0,0.0
367,757.844,0.5611,1.1515,-0.9459,-0.892,4t4d,0.295,0.0,0.0
368,758.073,0.6196,1.1514,-0.9497,-0.787,4t4d,0.289,0.0,0.0
369,758.301,0.7047,1.1519,-0.9595,-0.674,4t4d,0.327,0.0,0.0
370,758.528,0.7547,1.1513,-0.9632,-0.59,4t4d,0.298,0.0,0.0
371,758.748,0.836,1.1512,-0.9708,-0.659,4t4d,0.309,0.0,0.0
372,758.969,0.8672,1.1513,-0.9727,-0.593,4t4d,0.304,0.0,0.0
373,759.191,0.9506,1.152,-0.9827,-0.509,4t4d,0.311,0.0,0.0
374,759.426,1.045,1.1515,-0.9984,-0.644,4t4d,0.375,0.0,0.0
375,759.646,1.0597,1.1508,-1.0063,-0.772,4t4d,0.299,0.0,-5.84
376,759.864,1.1622,1.1494,-1.0232,-1.217,4t4d,0.293,0.0,0.0
377,760.09,1.2154,1.1456,-1.0317,-3.988,4t4d,0.343,0.0,0.0
378,760.311,1.2776,1.1423,-1.0359,-4.117,4t4d,0.335,0.0,0.0
379,760.534,1.3816,1.1353,-1.0426,-3.69,4t4d,0.355,0.0,0.0
380,760.765,1.4898,1.1313,-1.0531,-2.655,4t4d,0.337,0.0,0.0
381,760.99,1.537,1.1272,-1.0571,-3.364,4t4d,0.353,0.0,0.0
382,761.209,1.6361,1.1228,-1.0618,-2.598,4t4d,0.296,0.0,0.0
383,761.429,1.7088,1.121,-1.0627,-1.892,4t4d,0.325,0.0,0.0
384,761.658,1.7689,1.1191,-1.0647,-1.894,4t4d,0.364,0.0,0.0
385,761.893,1.8671,1.1178,-1.0655,-1.871,4t4d,0.325,0.0,0.0
386,762.121,1.923,1.1149,-1.0669,-1.964,4t4d,0.319,0.0,0.0
387,762.352,1.9831,1.1126,-1.067,-2.03,4t4d,0.307,0.0,0.0
388,762.572,2.0797,1.1096,-1.0691,-1.977,4t4d,0.332,0.0,4.79
389,762.793,2.1413,1.1084,-1.0706,-1.706,4t4d,0.317,0.0,8.25
390,763.024,2.2094,1.1081,-1.0714,-0.397,4t4d,0.313,0.0,7.46
391,763.253,2.3073,1.1113,-1.0728,2.022,4t4d,0.334,0.0,0.0
392,763.483,2.3722,1.1161,-1.0741,3.237,4t4d,0.323,0.0,0.0
393,763.704,2.4314,1.1194,-1.0765,3.478,4t4d,0.32,0.0,0.0
394,763.928,2.5294,1.1264,-1.0772,3.562,4t4d,0.314,0.0,0.0
395,764.155,2.5921,1.1308,-1.0781,3.585,4t4d,0.293,0.0,-6.7
396,764.387,2.6463,1.1332,-1.0797,2.466,4t4d,0.318,0.0,0.0
397,764.613,2.7403,1.1351,-1.0802,1.174,4t4d,0.344,0.0,0.0
398,764.829,2.8001,1.1363,-1.081,0.99,4t4d,0.292,0.0,0.0
399,765.051,2.8647,1.1375,-1.0825,0.964,4t4d,0.315,0.0,0.0
400,765.28,2.9528,1.1397,-1.0837,0.886,4t4d,0.338,0.0,0.0
401,765.503,3.0163,1.1414,-1.084,0.914,4t4d,0.305,0.0,0.0
402,765.73,3.0729,1.143,-1.0852,0.866,4t4d,0.312,0.0,0.0
403,765.948,3.1853,1.1432,-1.0914,0.659,4t4d,0.305,0.0,-7.08
404,766.175,3.2402,1.1425,-1.0928,-0.69,4t4d,0.317,0.0,0.0
405,766.401,3.3077,1.1405,-1.0921,-1.694,4t4d,0.326,0.0,0.0
406,766.623,3.3639,1.1386,-1.0921,-1.762,4t4d,0.328,0.0,0.0
407,766.842,3.43,1.1374,-1.092,-1.43,4t4d,0.309,0.0,0.0
408,767.066,3.5174,1.1352,-1.0936,-1.341,4t4d,0.295,0.0,0.0
409,767.294,3.5772,1.1345,-1.0945,-1.351,4t4d,0.288,0.0,0.0
410,767.521,3.6647,1.1326,-1.095,-1.329,4t4d,0.327,0.0,0.0
411,767.738,3.6985,1.1323,-1.0954,-1.449,4t4d,0.29,0.0,0.0
412,767.962,3.7921,1.13,-1.0975,-1.494,4t4d,0.308,0.0,0.0
413,768.179,3.8495,1.1288,-1.0985,-1.618,4t4d,0.307,0.0,0.0
414,768.403,3.9381,1.1265,-1.099,-1.821,4t4d,0.311,0.0,0.0
415,768.618,3.997,1.1244,-1.1,-1.883,4t4d,0.319,0.0,0.0
416,768.84,4.0679,1.1223,-1.0983,-1.899,4t4d,0.314,0.0,0.0
417,769.065,4.1255,1.1202,-1.0988,-1.984,4t4d,0.294,0.0,0.0
418,769.284,4.1938,1.1175,-1.0997,-1.961,4t4d,0.3,0.0,0.0
419,769.509,4.2804,1.1144,-1.1009,-1.959,4t4d,0.331,0.0,0.0
420,769.739,4.3391,1.112,-1.1019,-1.99,4t4d,0.312,0.0,0.0
421,769.974,4.4255,1.1095,-1.1035,-1.993,4t4d,0.33,0.0,0.0
422,770.192,4.4891,1.1074,-1.1035,-1.999,4t4d,0.331,0.0,0.0
423,770.417,4.5484,1.1046,-1.1049,-2.534,4t4d,0.333,0.0,0.0
424,770.636,4.6431,1.1003,-1.1065,-3.049,4t4d,0.332,0.0,0.0
425,770.884,4.6987,1.0976,-1.1073,-2.994,4t4d,0.318,0.0,0.0
426,771.11,4.7616,1.0955,-1.1085,-2.324,4t4d,0.322,0.0,4.85
427,771.341,4.8537,1.0932,-1.1095,-1.76,4t4d,0.311,0.0,0.0
428,771.565,4.9171,1.0931,-1.1106,-0.74,4t4d,0.308,0.0,5.21
429,771.789,4.9793,1.0933,-1.1118,-0.042,4t4d,0.295,0.0,3.92
430,772.015,5.0706,1.0958,-1.1149,1.4,4t4d,0.321,0.0,0.0
431,772.233,5.1372,1.0988,-1.1157,2.229,4t4d,0.337,0.0,0.0
432,772.456,5.1933,1.1016,-1.1157,2.343,4t4d,0.294,0.0,0.0
433,772.676,5.2585,1.1048,-1.1184,2.273,4t4d,0.311,0.0,0.0
434,772.899,5.3462,1.1085,-1.121,2.182,4t4d,0.329,0.0,0.0
435,773.117,5.3765,1.1095,-1.1219,1.988,4t4d,0.323,0.0,0.0
436,773.343,5.4695,1.1132,-1.122,1.805,4t4d,0.326,0.0,0.0
437,773.565,5.5621,1.1169,-1.1227,1.753,4t4d,0.312,0.0,0.0
438,773.797,5.619,1.1185,-1.1235,1.616,4t4d,0.296,0.0,0.0
439,774.029,5.6817,1.1204,-1.1248,1.498,4t4d,0.28,0.0,0.0
440,774.252,5.7692,1.1228,-1.1262,1.372,4t4d,0.295,0.0,0.0
441,774.468,5.8057,1.1234,-1.1256,1.26,4t4d,0.305,0.0,-4.65
442,774.7,5.8927,1.1254,-1.1254,0.806,4t4d,0.305,0.0,0.0
443,774.926,5.9534,1.1252,-1.1259,0.14,4t4d,0.303,0.0,0.0
444,775.149,6.0417,1.1257,-1.1271,0.102,4t4d,0.305,0.0,0.0
445,775.372,6.1022,1.1259,-1.1279,-0.358,4t4d,0.321,0.0,0.0
446,775.594,6.1609,1.126,-1.1285,-0.331,4t4d,0.305,0.0,0.0
447,775.814,6.2493,1.1253,-1.1276,-0.286,4t4d,0.316,0.0,0.0
448,776.033,6.3098,1.1249,-1.1281,-0.433,4t4d,0.309,0.0,0.0
449,776.251,6.368,1.1239,-1.1295,-0.697,4t4d,0.315,0.0,0.0
450,776.475,6.4229,1.1232,-1.1306,-0.663,4t4d,0.313,0.0,0.0
451,776.692,6.5127,1.1229,-1.132,-0.706,4t4d,0.315,0.0,0.0
452,776.917,6.5686,1.1213,-1.1339,-1.772,4t4d,0.326,0.0,0.0
453,777.144,6.6268,1.1192,-1.1347,-2.277,4t4d,0.303,0.0,0.0
454,777.366,6.7135,1.1155,-1.1358,-2.726,4t4d,0.335,0.0,-5.37
455,777.589,6.7747,1.1119,-1.137,-3.706,4t4d,0.305,0.0,0.0
456,777.813,6.8343,1.1071,-1.1373,-4.597,4t4d,0.312,0.0,0.0
457,778.034,6.9237,1.0996,-1.1384,-4.829,4t4d,0.327,0.0,0.0
458,778.259,6.9866,1.0949,-1.1399,-4.882,4t4d,0.318,0.0,0.0
459,778.48,7.041,1.0902,-1.1405,-4.853,4t4d,0.285,0.0,0.0
460,778.705,7.1019,1.0859,-1.1411,-4.914,4t4d,0.285,0.0,0.0
461,778.938,7.1886,1.0789,-1.1414,-4.916,4t4d,0.306,0.0,0.0
462,779.151,7.2486,1.0741,-1.1414,-4.941,4t4d,0.306,0.0,0.0
463,779.371,7.3076,1.0692,-1.1418,-4.993,4t4d,0.306,0.0,0.0
464,779.603,7.3656,1.0644,-1.1421,-4.748,4t4d,0.3,0.0,0.0
465,779.826,7.4554,1.0589,-1.1446,-3.811,4t4d,0.285,0.0,6.08
466,780.045,7.5166,1.0563,-1.1456,-2.888,4t4d,0.306,0.0,6.51
467,780.268,7.6059,1.0544,-1.1452,-1.0,4t4d,0.251,0.0,0.0
468,780.496,7.6691,1.0538,-1.1464,-0.552,4t4d,0.022,0.0,0.0
469,780.723,7.6979,1.0531,-1.1468,-0.538,4t4d,-0.089,0.0,0.0
470,780.949,7.6977,1.0527,-1.1473,-0.527,4t4d,-0.275,0.0,0.0
471,781.171,7.6674,1.0528,-1.1473,-0.495,4t4d,-0.381,0.0,0.0
472,781.4,7.576,1.0531,-1.146,-0.416,4t4d,-0.377,0.0,0.0
473,781.634,7.5065,1.0537,-1.145,-0.296,4t4d,-0.35,0.0,0.0
474,781.869,7.4013,1.0578,-1.1377,-0.725,4t4d,-0.372,0.0,0.0
475,782.088,7.3326,1.0589,-1.1362,-1.411,4t4d,-0.37,0.0,0.0
476,782.323,7.2304,1.0613,-1.1351,-1.437,4t4d,-0.345,0.0,-6.61
477,782.558,7.1691,1.0655,-1.1304,-1.995,4t4d,-0.337,0.0,0.0
478,782.778,7.1008,1.0675,-1.1274,-3.277,4t4d,-0.344,0.0,0.0
479,783.007,7.0292,1.0715,-1.127,-3.305,4t4d,-0.376,0.0,0.0
480,783.227,6.9271,1.0766,-1.1256,-3.308,4t4d,-0.341,0.0,0.0
481,783.445,6.8639,1.0803,-1.1246,-3.295,4t4d,-0.368,0.0,0.0
482,783.668,6.7933,1.0839,-1.1239,-3.261,4t4d,-0.404,0.0,0.0
483,783.896,6.6813,1.0895,-1.1214,-3.184,4t4d,-0.391,0.0,0.0
484,784.124,6.6119,1.0935,-1.1211,-3.163,4t4d,-0.388,0.0,0.0
485,784.355,6.5396,1.0973,-1.119,-3.233,4t4d,-0.368,0.0,0.0
486,784.598,6.4318,1.1031,-1.1156,-3.035,4t4d,-0.377,0.0,0.0
487,784.815,6.3561,1.1062,-1.1152,-3.067,4t4d,-0.394,0.0,0.0
488,785.036,6.2884,1.1107,-1.1141,-2.987,4t4d,-0.353,0.0,0.0
489,785.264,6.2106,1.1139,-1.1145,-2.98,4t4d,-0.375,0.0,0.0
490,785.486,6.0993,1.119,-1.1146,-3.049,4t4d,-0.387,0.0,0.0
491,785.716,6.061,1.1208,-1.1141,-3.056,4t4d,-0.37,0.0,0.0
492,785.941,5.9497,1.126,-1.1123,-2.986,4t4d,-0.378,0.0,0.0
493,786.163,5.8362,1.1315,-1.1115,-3.14,4t4d,-0.37,0.0,0.0
494,786.387,5.7628,1.1352,-1.112,-3.104,4t4d,-0.384,0.0,6.38
495,786.605,5.6562,1.141,-1.1084,-2.009,4t4d,-0.34,0.0,5.75
496,786.835,5.6216,1.1429,-1.1075,-1.371,4t4d,-0.386,0.0,0.0
497,787.051,5.5103,1.1454,-1.1069,0.544,4t4d,-0.373,0.0,0.0
498,787.284,5.4377,1.1447,-1.1069,0.883,4t4d,-0.366,0.0,0.0
499,787.513,5.3338,1.143,-1.1059,0.979,4t4d,-0.357,0.0,0.0
500,787.731,5.2907,1.1417,-1.1052,0.555,4t4d,-0.373,0.0,-5.86
501,787.946,5.1844,1.1399,-1.1011,-0.957,4t4d,-0.363,0.0,0.0
502,788.178,5.0807,1.1418,-1.1006,-1.589,4t4d,-0.316,0.0,0.0
503,788.41,5.0133,1.1433,-1.0989,-1.514,4t4d,-0.364,0.0,0.0
504,788.628,4.9451,1.1453,-1.0965,-1.464,4t4d,-0.358,0.0,0.0
505,788.852,4.8722,1.147,-1.0953,-1.556,4t4d,-0.345,0.0,0.0
506,789.077,4.804,1.1483,-1.0943,-1.488,4t4d,-0.341,0.0,0.0
507,789.305,4.6977,1.1509,-1.0919,-1.589,4t4d,-0.324,0.0,0.0
508,789.53,4.6288,1.1522,-1.0912,-1.574,4t4d,-0.345,0.0,0.0
509,789.766,4.5232,1.1543,-1.0875,-1.568,4t4d,-0.352,0.0,0.0
510,789.992,4.4572,1.1558,-1.0869,-1.565,4t4d,-0.379,0.0,0.0
511,790.222,4.3909,1.1576,-1.0856,-1.527,4t4d,-0.362,0.0,0.0
512,790.44,4.2854,1.16,-1.0846,-1.474,4t4d,-0.366,0.0,0.0
513,790.672,4.2497,1.1608,-1.0843,-1.463,4t4d,-0.376,0.0,0.0
514,790.9,4.1447,1.163,-1.0829,-1.467,4t4d,-0.39,0.0,0.0
515,791.126,4.0355,1.165,-1.0833,-1.378,4t4d,-0.361,0.0,0.0
516,791.341,3.9556,1.1664,-1.083,-1.455,4t4d,-0.363,0.0,0.0
517,791.571,3.888,1.1676,-1.0819,-1.469,4t4d,-0.381,0.0,0.0
518,791.798,3.8178,1.1688,-1.0807,-1.369,4t4d,-0.359,0.0,0.0
519,792.022,3.7146,1.1711,-1.0791,-1.276,4t4d,-0.354,0.0,0.0
520,792.246,3.6453,1.1721,-1.0785,-1.269,4t4d,-0.38,0.0,6.86
521,792.477,3.5768,1.1739,-1.0781,-0.496,4t4d,-0.387,0.0,7.15
522,792.704,3.4751,1.1753,-1.0771,1.419,4t4d,-0.341,0.0,5.89
523,792.93,3.4005,1.1743,-1.0767,2.784,4t4d,-0.345,0.0,0.0
524,793.156,3.3336,1.1713,-1.0756,3.568,4t4d,-0.335,0.0,-7.05
525,793.374,3.2597,1.1668,-1.0744,3.598,4t4d,-0.371,0.0,0.0
526,793.595,3.1506,1.1604,-1.0736,1.969,4t4d,-0.366,0.0,0.0
527,793.816,3.0823,1.1579,-1.0727,1.9,4t4d,-0.356,0.0,0.0
528,794.049,2.9788,1.1536,-1.0714,1.226,4t4d,-0.375,0.0,0.0
529,794.266,2.9146,1.1517,-1.0708,1.179,4t4d,-0.371,0.0,-8.65
530,794.492,2.8481,1.1497,-1.0688,0.764,4t4d,-0.393,0.0,0.0
531,794.712,2.7713,1.1479,-1.0676,-0.402,4t4d,-0.41,0.0,0.0
532,794.934,2.6521,1.1483,-1.0672,-0.404,4t4d,-0.413,0.0,0.0
533,795.175,2.5824,1.1483,-1.0647,-0.378,4t4d,-0.381,0.0,0.0
534,795.406,2.4638,1.1499,-1.0637,-1.237,4t4d,-0.42,0.0,0.0
535,795.629,2.4194,1.1511,-1.0631,-1.318,4t4d,-0.451,0.0,0.0
536,795.851,2.3009,1.153,-1.0605,-1.221,4t4d,-0.435,0.0,0.0
537,796.079,2.1732,1.1537,-1.0593,-1.476,4t4d,-0.452,0.0,0.0
538,796.304,2.076,1.1558,-1.0576,-1.444,4t4d,-0.467,0.0,0.0
539,796.531,1.9827,1.1572,-1.0556,-1.432,4t4d,-0.403,0.0,0.0
540,796.756,1.8986,1.1588,-1.0548,-2.48,4t4d,-0.42,0.0,0.0
541,796.978,1.7717,1.1637,-1.0527,-2.956,4t4d,-0.378,0.0,0.0
542,797.198,1.7039,1.1668,-1.0512,-2.929,4t4d,-0.384,0.0,0.0
543,797.415,1.6228,1.1713,-1.0473,-2.981,4t4d,-0.326,0.0,0.0
544,797.635,1.538,1.1761,-1.0455,-2.739,4t4d,-0.285,0.0,0.0
545,797.87,1.4393,1.1798,-1.0375,-2.588,4t4d,-0.418,0.0,0.0
546,798.085,1.3519,1.185,-1.0273,-2.439,4t4d,-0.326,0.0,0.0
547,798.305,1.2732,1.1872,-1.0221,-2.017,4t4d,-0.459,0.0,0.0
548,798.533,1.1682,1.1911,-1.0092,-2.031,4t4d,-0.341,0.0,0.0
549,798.752,1.1086,1.1917,-1.0002,-1.997,4t4d,-0.408,0.0,0.0
550,798.981,1.0506,1.192,-0.989,-1.98,4t4d,-0.277,0.0,0.0
551,799.203,0.9901,1.194,-0.9754,-1.973,4t4d,-0.401,0.0,0.0
552,799.434,0.8821,1.1967,-0.9601,-2.108,4t4d,-0.436,0.0,0.0
553,799.662,0.8178,1.1999,-0.9542,-2.302,4t4d,-0.376,0.0,0.0
554,799.893,0.7394,1.202,-0.9475,-2.317,4t4d,-0.428,0.0,0.0
555,800.125,0.6405,1.2064,-0.935,-2.14,4t4d,-0.391,0.0,0.0
556,800.352,0.5599,1.2087,-0.9307,-2.105,4t4d,-0.371,0.0,0.0
557,800.579,0.4834,1.2116,-0.928,-2.214,4t4d,-0.287,0.0,0.0
558,800.798,0.3771,1.2152,-0.9253,-2.254,4t4d,-0.29,0.0,0.0
559,801.03,0.3115,1.2162,-0.9247,-2.253,4t4d,-0.219,0.0,0.0
560,801.255,0.257,1.2179,-0.9241,-2.272,4t4d,0.078,0.0,0.0
561,801.473,0.2281,1.2189,-0.9238,-2.422,7,-0.025,0.0,0.0
562,801.698,0.2333,1.2186,-0.9243,-2.162,7,0.0,0.0,0.0
563,801.918,0.2226,1.2192,-0.9239,-2.007,7,0.003,0.0,0.0
564,802.156,0.2221,1.2193,-0.9246,-1.932,7,0.0,0.0,0.0
565,802.385,0.2219,1.2197,-0.9248,-1.873,7,0.0,0.0,0.0
566,802.612,0.2227,1.2198,-0.925,-1.926,7,0.0,-0.17,0.0
567,802.852,0.2238,1.2196,-0.9252,-1.952,crab,0.0,-0.1129,0.292
568,803.08,0.2268,1.1969,-0.9258,-1.893,crab,0.0,-0.5258,0.025
569,803.315,0.2248,1.0918,-0.9272,-1.888,crab,0.0,-0.4437,0.051
570,803.538,0.2244,1.003,-0.9273,-1.878,crab,0.0,-0.4945,0.472
571,803.757,0.2226,0.9041,-0.9286,-1.783,crab,0.0,-0.724,0.656
572,803.987,0.2192,0.7593,-0.929,-1.652,crab,0.0,-0.2436,0.176
573,804.222,0.2177,0.7107,-0.9295,-1.617,crab,0.0,-0.7228,0.834
574,804.449,0.2137,0.5662,-0.9301,-1.45,crab,0.0,-0.4886,0.572
575,804.67,0.2107,0.4685,-0.9296,-1.336,crab,0.0,-0.7181,0.611
576,804.901,0.2075,0.3249,-0.9291,-1.214,crab,0.0,-0.4536,0.579
577,805.124,0.2045,0.2342,-0.9284,-1.098,crab,0.0,-0.4447,0.599
578,805.364,0.202,0.1453,-0.9265,-0.978,crab,0.0,-0.27,2.083
579,805.585,0.2017,0.0913,-0.9262,-0.561,crab,0.0,-0.1094,0.634
580,805.805,0.2027,0.1132,-0.9268,-0.434,7,0.0,-0.17,0.0
581,806.026,0.2023,0.113,-0.9267,-0.495,7,0.0,-0.3,0.0
582,806.261,0.2016,0.1131,-0.9268,-0.496,crab,0.0,-0.1857,0.864
583,806.52,0.2037,0.0759,-0.9268,-0.323,crab,0.0,-0.2582,0.99
584,806.741,0.2035,0.0243,-0.9271,-0.125,crab,0.0,-0.1683,-0.405
585,806.965,0.2024,-0.0094,-0.9276,-0.206,0,0.0,0.0,0.0
586,807.192,0.2022,-0.0015,-0.9277,-0.513,0,0.0,0.0,0.0
587,807.424,0.2003,-0.0021,-0.9278,-0.738,0,0.0,0.0,0.0
588,807.645,0.2005,-0.0019,-0.928,-0.644,0,0.0,0.0,0.0
589,807.878,0.201,-0.0019,-0.9277,-0.64,1,0.0,0.0,0.0
590,808.101,0.2008,-0.0017,-0.9278,-0.687,0,0.0,0.0,0.0
591,808.329,0.2004,-0.0016,-0.928,-0.812,0,0.0,0.0,0.0
592,808.546,0.2005,-0.0015,-0.9281,-0.819,0,0.0,0.0,0.0
593,808.766,0.2009,-0.0015,-0.9283,-0.82,0,0.0,0.0,0.0
594,808.99,0.2011,-0.0014,-0.9284,-0.817,0,0.0,0.0,0.0
595,809.209,0.2011,-0.0013,-0.9286,-0.82,0,0.0,0.0,0.0
596,809.443,0.2014,-0.0013,-0.9286,-0.818,0,0.0,0.0,0.0
597,809.675,0.2009,-0.0014,-0.9286,-0.819,0,0.0,0.0,0.0
598,809.905,0.2014,-0.0013,-0.9286,-0.818,0,0.0,0.0,0.0
599,810.128,0.2011,-0.0014,-0.9286,-0.818,0,0.0,0.0,0.0
600,810.36,0.2011,-0.0014,-0.9285,-0.82,0,0.0,0.0,0.0
601,810.583,0.2009,-0.0014,-0.9285,-0.821,0,0.0,0.0,0.0
602,810.804,0.201,-0.0014,-0.9284,-0.822,0,0.0,0.0,0.0
603,811.029,0.2011,-0.0014,-0.9283,-0.822,0,0.0,0.0,0.0
604,811.256,0.2008,-0.0014,-0.9283,-0.82,0,0.0,0.0,0.0
605,811.478,0.201,-0.0014,-0.9285,-0.821,0,0.0,0.0,0.0
606,811.709,0.2013,-0.0014,-0.9285,-0.822,0,0.0,0.0,0.0
607,811.932,0.2012,-0.0014,-0.9285,-0.824,0,0.0,0.0,0.0
608,812.15,0.2013,-0.0014,-0.9287,-0.822,0,0.0,0.0,0.0
609,812.382,0.2017,-0.0012,-0.9287,-0.823,0,0.0,0.0,0.0
610,812.602,0.2017,-0.0012,-0.9288,-0.823,0,0.0,0.0,0.0
611,812.824,0.2019,-0.0011,-0.9289,-0.823,0,0.0,0.0,0.0
612,813.054,0.2021,-0.001,-0.929,-0.825,0,0.0,0.0,0.0
613,813.282,0.2019,-0.001,-0.929,-0.824,0,0.0,0.0,0.0
614,813.504,0.2024,-0.001,-0.929,-0.822,0,0.0,0.0,0.0
615,813.737,0.2025,-0.0009,-0.929,-0.823,0,0.0,0.0,0.0
616,813.964,0.2022,-0.0009,-0.9288,-0.822,0,0.0,0.0,0.0
617,814.184,0.2023,-0.0008,-0.9288,-0.825,0,0.0,0.0,0.0
618,814.406,0.2023,-0.0008,-0.9289,-0.824,0,0.0,0.0,0.0
619,814.623,0.2024,-0.001,-0.9288,-0.823,0,0.0,0.0,0.0
620,814.848,0.2025,-0.0009,-0.9288,-0.824,0,0.0,0.0,0.0
621,815.081,0.2025,-0.0009,-0.9288,-0.824,0,0.0,0.0,0.0
622,815.303,0.2025,-0.0008,-0.9288,-0.825,0,0.0,0.0,0.0
623,815.524,0.2025,-0.0008,-0.9288,-0.825,0,0.0,0.0,0.0
624,815.747,0.2039,-0.0004,-0.9289,-0.823,0,0.0,0.0,0.0
